,title,grade,genre,people,genre2
0,10억,6.26,"모험, 스릴러",433866,모험
1,18: 우리들의 성장 느와르,9.63,"느와르, 드라마",1124,느와르
2,1987,9.31,드라마,7232387,드라마
3,"1991, 봄",9.29,다큐멘터리,6106,다큐멘터리
4,"1999, 면회",8.67,드라마,3405,드라마
5,1급기밀,8.87,드라마,218808,드라마
6,1번가의 기적,8.19,"코미디, 드라마",2535450,코미디
7,2009 로스트 메모리즈,8.06,"SF, 액션",0,SF
8,26년,6.4,액션,2963652,액션
9,"3,000",0.0,드라마,0,드라마
10,4요일,4.57,"공포, 스릴러",26962,"공포, 스릴러"
11,4인용 식탁,6.38,"스릴러, 공포",0,스릴러
12,5백만불의 사나이,4.99,코미디,104736,코미디
13,7광구,3.34,"SF, 액션, 모험",2242510,SF
14,7급 공무원,8.28,"액션, 코미디",4039891,액션
15,7번방의 선물,8.83,코미디,12811714,코미디
16,8월의 크리스마스,9.0,"드라마, 멜로/로맨스",0,멜로/로맨스
17,가깝고도 먼 길,0.0,1978. 개봉,0,1978. 개봉
18,가려진 시간,8.25,"드라마, 판타지",511369,판타지
19,가루지기,4.26,"코미디, 드라마",269478,코미디
20,가문의 영광,6.06,코미디,1160021,코미디
21,가문의 영광,6.06,코미디,1160021,코미디
22,가문의 위기,6.29,코미디,4529876,코미디
23,가문의 부활,3.98,코미디,2598859,코미디
24,가문의 수난,4.15,"코미디, 액션",2368267,코미디
25,가문의 귀환,6.06,코미디,1160021,코미디
26,가비,6.85,"미스터리, 드라마",270602,미스터리
27,가슴 달린 남자,7.56,"코미디, 멜로/로맨스",0,로맨틱코미디
28,가위,7.21,"공포, 스릴러",0,"공포, 스릴러"
29,가을로,7.19,"멜로/로맨스, 드라마",601733,멜로/로맨스
30,가을비 우산속에,0.0,"멜로/로맨스, 드라마",0,멜로/로맨스
31,가족의 탄생,8.57,드라마,201227,드라마
32,각설탕,8.84,"드라마, 가족",1265508,드라마
33,간기남,6.9,"스릴러, 코미디",1246185,스릴러
34,간신,7.05,드라마,1110274,드라마
35,간첩,7.17,"드라마, 코미디, 액션",1310895,코미디
36,간첩 리철진,7.03,"드라마, 코미디",0,코미디
37,간기남,6.9,"스릴러, 코미디",1246185,스릴러
38,감기,6.94,"드라마, 모험, 액션",3117859,모험
39,감시자들,7.76,"범죄, 액션, 스릴러",5509019,범죄
40,강남1970,7.76,"액션, 드라마",2192276,액션
41,강변부인,0.0,1981.01.01. 개봉,0,1981.01.01. 개봉
42,강원도의 힘,6.94,드라마,0,드라마
43,강철대오: 구국의 철가방,6.45,코미디,233211,코미디
44,강철비,8.73,"액션, 드라마",4452850,액션
45,개그맨,7.6,코미디,0,코미디
46,개들의 전쟁,7.29,"액션, 드라마, 코미디",23398,액션
47,개를 훔치는 완벽한 방법,8.79,"드라마, 가족",306904,드라마
48,거룩한 계보,7.52,"드라마, 액션",1433696,액션
49,거북이 달린다,8.42,"범죄, 코미디, 액션",3024666,범죄
50,거울 속으로,7.08,"공포, 스릴러",0,"공포, 스릴러"
51,거짓말,9.14,드라마,5212,드라마
52,건축무한육면각체의 비밀,6.45,미스터리,0,미스터리
53,건축학개론,9.5,멜로/로맨스,4113708,멜로/로맨스
54,걷기왕,8.52,드라마,95542,드라마
55,걸프렌즈,4.91,"멜로/로맨스, 코미디",108396,로맨틱코미디
56,검사외전,8.56,"범죄, 코미디",9707119,범죄
57,검은 사제들,8.55,"미스터리, 드라마",5443232,미스터리
58,검은 집,6.45,"공포, 스릴러",1322196,"공포, 스릴러"
59,게임의 법칙,8.98,"액션, 느와르",0,느와르
60,겨울여자,0.0,"드라마, 멜로/로맨스",0,멜로/로맨스
61,결정적 한방,6.24,"드라마, 코미디",60944,코미디
62,"결혼은, 미친 짓이다",8.55,"드라마, 멜로/로맨스",0,멜로/로맨스
63,결혼전야,7.02,"멜로/로맨스, 코미디",1214839,로맨틱코미디
64,경계,7.0,다큐멘터리,1130,다큐멘터리
65,경성학교: 사라진 소녀들,6.44,"미스터리, 드라마",356436,미스터리
66,고고70,8.02,드라마,595199,드라마
67,고교얄개,8.64,코미디,0,코미디
68,고래사냥,9.06,드라마,0,드라마
69,고死: 피의 중간고사,6.82,"공포, 스릴러",1634192,"공포, 스릴러"
70,고死: 피의 중간고사,6.82,"공포, 스릴러",1634192,"공포, 스릴러"
71,고死 두번째 이야기: 교생실습,4.73,"공포, 스릴러",857038,"공포, 스릴러"
72,"고산자, 대동여지도",8.01,드라마,974262,드라마
73,고속도로,0.0,드라마,0,드라마
74,고양이를 부탁해,10.0,"드라마, 코미디",0,코미디
75,고지전,8.66,"전쟁, 드라마",2945151,전쟁
76,곡성,8.22,"미스터리, 스릴러",6879989,스릴러
77,곤지암,7.51,"공포, 미스터리",2676427,공포
78,골든 슬럼버,6.27,"범죄, 드라마",1387564,범죄
79,공공의 적,9.2,"범죄, 액션",0,범죄
80,공공의 적2,7.49,"드라마, 범죄",3134424,범죄
81,강철중: 공공의 적 1-1,8.53,"범죄, 스릴러, 코미디",4313102,범죄
82,공동경비구역 JSA,9.8,"드라마, 전쟁, 코미디",0,전쟁
83,공모자들,7.01,"범죄, 스릴러",1646142,범죄
84,공범,7.15,스릴러,1766285,스릴러
85,공범자들,9.61,다큐멘터리,260514,다큐멘터리
86,공작,7.86,드라마,4975517,드라마
87,공정사회,10.0,드라마,14537,드라마
88,공조,8.83,액션,7817654,액션
89,공포의 외인구단,7.61,드라마,0,드라마
90,과속스캔들,9.19,코미디,8223342,코미디
91,관능의 법칙,7.64,"드라마, 코미디",781516,코미디
92,관상,8.0,드라마,9135806,드라마
93,광복절 특사,7.96,"코미디, 멜로/로맨스",0,로맨틱코미디
94,광식이 동생 광태,7.79,"멜로/로맨스, 코미디",2024818,로맨틱코미디
95,"광해, 왕이 된 남자",9.24,드라마,12324062,드라마
96,괴물,8.62,"모험, 액션, 스릴러",10917400,모험
97,괴시,7.59,"SF, 공포, 미스터리",0,SF
98,구르믈 버서난 달처럼,6.84,"드라마, 액션",1383867,액션
99,구미호,5.21,"공포, 멜로/로맨스",0,공포
100,구미호 가족,5.52,"뮤지컬, 판타지",141610,뮤지컬
101,구세주: 리턴즈,4.8,코미디,6151,코미디
102,구타유발자들,7.51,"코미디, 범죄",143061,코미디
103,국가대표,8.79,드라마,710166,드라마
104,국가대표 2,8.79,드라마,710166,드라마
105,국제시장,9.16,드라마,14263940,드라마
106,군도: 민란의 시대,7.34,액션,4775811,액션
107,군함도,7.35,"액션, 드라마",6592168,액션
108,굿모닝 프레지던트,6.7,코미디,2554960,코미디
109,굿바이 싱글,8.42,"코미디, 드라마",2108561,코미디
110,궁합,7.49,"코미디, 드라마",1340149,코미디
111,귀신이 산다,6.88,"코미디, 공포, 판타지",1875936,코미디
112,귀여워,5.03,코미디,51276,코미디
113,귀향,9.33,드라마,3587252,드라마
114,그것만이 내 세상,9.17,"코미디, 드라마",3420199,코미디
115,그날의 분위기,7.86,"멜로/로맨스, 코미디",653226,로맨틱코미디
116,그녀를 믿지 마세요,8.85,"코미디, 멜로/로맨스",298221,로맨틱코미디
117,그놈 목소리,7.46,"드라마, 미스터리",2972299,미스터리
118,그놈이다,7.53,스릴러,1046313,스릴러
119,그대를 사랑합니다,9.33,드라마,1649407,드라마
120,그대 안의 블루,8.21,멜로/로맨스,0,멜로/로맨스
121,그때 그 사람들,7.46,"미스터리, 코미디",890602,미스터리
122,그럼에도 불구하고,8.85,다큐멘터리,1607,다큐멘터리
123,그림자 살인,7.34,스릴러,1892467,스릴러
124,그물,8.37,드라마,56553,드라마
125,그해 여름,8.83,"멜로/로맨스, 드라마",290564,멜로/로맨스
126,극락도 살인사건,6.93,"미스터리, 스릴러",2079989,스릴러
127,극비수사,8.35,"드라마, 범죄",2860786,범죄
128,극한직업,9.2,코미디,16266240,코미디
129,글러브,8.84,드라마,1887733,드라마
130,글로리데이,8.55,드라마,189442,드라마
131,기담,7.48,공포,644111,공포
132,기방도령,7.07,코미디,287053,코미디
133,기술자들,7.91,"범죄, 액션",2564340,범죄
134,기생충,9.07,드라마,10307053,드라마
135,기억의 밤,8.41,"미스터리, 스릴러",1387779,스릴러
136,긴급조치 19호,4.62,코미디,0,코미디
137,김관장 대 김관장 대 김관장,4.56,"코미디, 액션",925661,코미디
138,김복남 살인 사건의 전말,8.74,스릴러,161722,스릴러
139,김씨 표류기,8.73,드라마,725031,드라마
140,김종욱 찾기,8.28,"멜로/로맨스, 코미디",1122225,로맨틱코미디
141,까불지마,7.1,"코미디, 액션",155308,코미디
142,깡패수업,7.24,"범죄, 액션, 코미디",0,범죄
143,꽃순이를 아시나요,0.0,드라마,0,드라마
144,꽃잎,7.66,드라마,0,드라마
145,꾼,8.32,범죄,4018341,범죄
146,꿈의 제인,8.87,드라마,25110,드라마
147,끝까지 간다,8.83,"범죄, 액션",3450381,범죄
148,나가요 미스콜,3.03,"멜로/로맨스, 코미디",338,로맨틱코미디
149,나는 77번 아가씨,0.0,"멜로/로맨스, 드라마",0,멜로/로맨스
150,나는 고양이로소이다,9.34,다큐멘터리,8496,다큐멘터리
151,나는 왕이로소이다,7.42,"드라마, 코미디",790181,코미디
152,나를 잊지 말아요,6.72,멜로/로맨스,427113,멜로/로맨스
153,나의 독재자,7.37,드라마,386074,드라마
154,나의 사랑 나의 신부(1990),8.09,"멜로/로맨스, 코미디",0,로맨틱코미디
155,나의 사랑 나의 신부(2014),8.39,"멜로/로맨스, 코미디",2141155,로맨틱코미디
156,나의 절친 악당들,5.48,"액션, 범죄, 드라마",133555,액션
157,나의 PS 파트너,8.24,"멜로/로맨스, 코미디",1831741,로맨틱코미디
158,나쁜남자,3.35,드라마,0,드라마
159,나쁜 녀석들: 더 무비,8.16,"범죄, 액션",4573903,범죄
160,나쁜놈은 죽는다,6.73,"액션, 코미디",14951,액션
161,나쁜 피,6.68,범죄,1341,범죄
162,나탈리,4.75,멜로/로맨스,94875,멜로/로맨스
163,나랏말싸미,6.75,드라마,958775,드라마
164,낙동강은 흐르는가,0.0,1976.10.23. 개봉,0,1976.10.23. 개봉
165,남과 여,7.56,멜로/로맨스,203729,멜로/로맨스
166,남극일기,5.5,"미스터리, 공포",871235,미스터리
167,남부군,7.25,"전쟁, 드라마",0,전쟁
168,남영동1985,7.23,드라마,332643,드라마
169,남자가 사랑할 때,8.48,드라마,1980120,드라마
170,남자사용설명서,6.97,"멜로/로맨스, 코미디",507913,로맨틱코미디
171,남쪽으로 튀어,7.81,"드라마, 코미디",832894,코미디
172,남한산성,8.17,드라마,3849129,드라마
173,너는 내 운명,9.07,"멜로/로맨스, 드라마",2701974,멜로/로맨스
174,넘버 3,8.46,"코미디, 범죄, 액션",0,코미디
175,내가 버린 남자,0.0,드라마,0,드라마
176,내가 버린 여자,0.0,멜로/로맨스,0,멜로/로맨스
177,내가 살인범이다,8.48,"액션, 스릴러",2729830,스릴러
178,내 깡패 같은 애인,9.06,"코미디, 드라마",688639,코미디
179,내 마음의 풍금,8.91,"드라마, 멜로/로맨스",0,멜로/로맨스
180,내 머리속의 지우개,9.09,"멜로/로맨스, 코미디",1887868,로맨틱코미디
181,내부자들,9.06,"범죄, 드라마",7073581,범죄
182,내사랑 내곁에,7.03,드라마,2135509,드라마
183,내 아내의 모든것,8.57,"멜로/로맨스, 코미디",4598985,로맨틱코미디
184,내 여자친구를 소개합니다,6.33,멜로/로맨스,1298666,멜로/로맨스
185,내 연애의 기억,6.58,"멜로/로맨스, 코미디",46775,로맨틱코미디
186,내 친구 정일우,9.59,다큐멘터리,12245,다큐멘터리
187,노무현입니다,9.49,다큐멘터리,1855515,다큐멘터리
188,노브레싱,7.58,드라마,451669,드라마
189,노후 대책 없다,8.29,다큐멘터리,1788,다큐멘터리
190,녹색의자,5.72,"멜로/로맨스, 드라마",366,멜로/로맨스
191,누구나 비밀은 있다,5.86,"멜로/로맨스, 코미디",542955,로맨틱코미디
192,눈에는 눈 이에는 이,7.89,"범죄, 액션, 스릴러",2058616,범죄
193,늑대소년,8.65,"멜로/로맨스, 드라마",7069353,멜로/로맨스
194,늑대의 유혹,7.69,"멜로/로맨스, 드라마",1297296,멜로/로맨스
195,"님아, 그 강을 건너지 마오",9.16,다큐멘터리,4802416,다큐멘터리
196,님은 먼 곳에,7.83,"전쟁, 드라마, 모험",1706495,전쟁
197,다세포 소녀,2.22,"코미디, 멜로/로맨스",476732,로맨틱코미디
198,다찌마와 리,0.0,"코미디, 액션",0,코미디
199,다이빙벨,9.57,다큐멘터리,50310,다큐멘터리
200,닥터 봉,6.8,"코미디, 멜로/로맨스",0,로맨틱코미디
201,닫힌 교문을 열며,0.0,93분,0,93분
202,"당신, 거기 있어줄래요",8.8,"판타지, 드라마",1168782,판타지
203,달마야 놀자,8.37,"코미디, 액션",0,코미디
204,달마야 서울가자,5.09,코미디,703507,코미디
205,달은… 해가 꾸는 꿈,6.37,"느와르, 액션",0,느와르
206,달콤한 인생,8.56,"느와르, 액션, 드라마",1112950,느와르
207,당신의 부탁,8.49,"드라마, 가족",25920,드라마
208,대립군,7.59,드라마,837500,드라마
209,대배우,7.12,코미디,169983,코미디
210,대한민국 헌법 제1조,7.14,코미디,0,코미디
211,대호,8.21,드라마,1762733,드라마
212,댄싱퀸,8.87,"코미디, 드라마",4058225,코미디
213,더 게임,7.41,스릴러,1479859,스릴러
214,더 킥,6.94,액션,51024,액션
215,더 킹,8.39,"범죄, 드라마",5318007,범죄
216,더 테러 라이브,8.28,"스릴러, 드라마",5584295,스릴러
217,더 폰,8.05,"액션, 스릴러",1596762,스릴러
218,덕혜옹주,8.72,"서사, 드라마",5599995,서사
219,도가니,9.27,드라마,4662926,드라마
220,도리화가,7.29,드라마,317505,드라마
221,도마 안중근,4.14,드라마,20318,드라마
222,도둑들,7.62,"범죄, 액션, 드라마",12984692,범죄
223,도레미파솔라시도,6.64,드라마,197672,드라마
224,도마뱀,7.08,"멜로/로맨스, 드라마",364848,멜로/로맨스
225,도희야,7.27,드라마,106781,드라마
226,독전,8.41,"범죄, 액션",5201715,범죄
227,돈을 갖고 튀어라,7.56,"코미디, 멜로/로맨스",0,로맨틱코미디
228,돈 크라이 마미,6.44,"스릴러, 드라마",975462,스릴러
229,돈을 갖고 튀어라,7.56,"코미디, 멜로/로맨스",0,로맨틱코미디
230,돈의 맛,6.79,드라마,1166025,드라마
231,돌아와요 부산항애,6.11,"범죄, 액션, 드라마",6954,범죄
232,돌려차기,7.23,"코미디, 액션",41401,코미디
233,돌멩이의 꿈,7.05,드라마,515,드라마
234,돌아오지 않는 해병,8.38,"전쟁, 드라마, 액션",0,전쟁
235,돌연변이,7.43,"드라마, 코미디",100543,코미디
236,동감,9.0,"멜로/로맨스, 판타지",0,멜로/로맨스
237,동갑내기 과외하기,7.82,코미디,0,코미디
238,동갑내기 과외하기2,6.44,코미디,514669,코미디
239,동네사람들,7.13,"액션, 스릴러",461693,스릴러
240,동주,9.18,드라마,1176468,드라마
241,동창생,7.31,"액션, 드라마",1048280,액션
242,돼지가 우물에 빠진 날,7.89,드라마,0,드라마
243,된장,7.38,미스터리,45180,미스터리
244,두근두근 내 인생,7.51,드라마,1624573,드라마
245,두만강,7.87,"드라마, 전쟁",2542,전쟁
246,두사부일체,7.44,"코미디, 액션",0,코미디
247,디 워,7.54,"판타지, 액션",7855474,판타지
248,디 워 2,0.0,"판타지, SF, 모험",0,판타지
249,또 하나의 약속,9.25,드라마,497994,드라마
250,똑바로 살아라,0.0,범죄,0,범죄
251,똥개,7.81,드라마,0,드라마
252,똥파리,9.0,드라마,123029,드라마
253,뚫어야 산다,2.96,"범죄, 코미디, 액션",0,범죄
254,라디오 스타,9.2,"코미디, 드라마",1590774,코미디
255,라라,8.0,"멜로/로맨스, 드라마",1860,멜로/로맨스
256,라스트 갓파더,6.24,코미디,2541603,코미디
257,라이터를 켜라,7.66,코미디,0,코미디
258,럭키,8.76,코미디,6975631,코미디
259,런닝맨,7.77,"액션, 코미디",1422844,액션
260,레나,8.2,"멜로/로맨스, 드라마",3523,멜로/로맨스
261,레드슈즈,9.15,"애니메이션, 모험",818662,애니메이션
262,레드 아이,3.23,공포,210793,공포
263,레슬러,6.43,"드라마, 코미디",771159,코미디
264,로니를 찾아서,7.82,드라마,1478,드라마
265,로마서 8:37,9.0,"드라마, 가족, 범죄",5059,가족
266,"로봇, 소리",8.25,드라마,476653,드라마
267,롤러코스터,6.42,코미디,270156,코미디
268,루시드 드림,8.05,"SF, 스릴러",102170,SF
269,리얼,4.43,"액션, 느와르",470195,느와르
270,마고,3.83,드라마,0,드라마
271,마녀,8.57,"미스터리, 액션",3189091,미스터리
272,마담 뺑덕,6.54,멜로/로맨스,471248,멜로/로맨스
273,마더,9.45,"범죄, 미스터리",2981953,미스터리
274,마돈나,7.81,드라마,18276,드라마
275,마스터,8.65,"액션, 범죄",7147924,액션
276,마약왕,7.18,"범죄, 드라마",1864077,범죄
277,마유미,8.07,"드라마, 범죄, 스릴러",0,범죄
278,마음이...,8.96,"가족, 드라마",817939,가족
279,마이웨이,7.17,드라마,2142670,드라마
280,마이 파더,8.41,드라마,901055,드라마
281,마파도,7.16,"코미디, 모험",2636857,코미디
282,만남의광장,6.03,코미디,1211528,코미디
283,만추,9.44,드라마,850411,드라마
284,말아톤,9.22,드라마,4196859,드라마
285,말죽거리 잔혹사,8.77,"드라마, 액션",604972,액션
286,망원동 인공위성,8.72,다큐멘터리,3022,다큐멘터리
287,멋진 하루,8.19,"드라마, 멜로/로맨스",397669,멜로/로맨스
288,명량,8.88,"액션, 드라마",17615658,액션
289,맨데이트: 신이 주신 임무,3.43,"액션, 스릴러, 판타지",12144,액션
290,맨발의 기봉이,7.21,"코미디, 드라마",2005180,코미디
291,맨홀,6.03,"공포, 스릴러",133665,"공포, 스릴러"
292,메소드(영화),8.07,"드라마, 멜로/로맨스",26651,멜로/로맨스
293,모노폴리,6.4,"범죄, 스릴러",358299,범죄
294,목숨 건 연애,7.53,"멜로/로맨스, 코미디",48010,로맨틱코미디
295,목포는 항구다,6.87,"코미디, 액션",425725,코미디
296,몬스터,6.26,스릴러,526547,스릴러
297,무뢰한,7.3,"멜로/로맨스, 드라마",415510,멜로/로맨스
298,무방비도시,7.55,"범죄, 액션",1600856,범죄
299,무사,8.84,"드라마, 액션",0,액션
300,무서운 이야기,4.97,공포,97804,공포
301,무서운 이야기 2,6.62,공포,495535,공포
302,무서운 이야기 3,4.97,공포,97804,공포
303,무서운 집,8.94,공포,1079,공포
304,무수단,7.64,"미스터리, 스릴러",15882,스릴러
305,무영검,6.81,액션,519722,액션
306,"무현, 두 도시 이야기",9.44,다큐멘터리,197225,다큐멘터리
307,미나 문방구,7.06,"드라마, 코미디",334323,코미디
308,미녀는 괴로워,8.79,"코미디, 멜로/로맨스",6081480,로맨틱코미디
309,미술관 옆 동물원,8.75,"멜로/로맨스, 드라마",0,멜로/로맨스
310,미스터 고,7.76,"드라마, 코미디, 액션",1329061,코미디
311,미스터 소크라테스,7.78,"범죄, 액션, 코미디",1066103,범죄
312,미스 프레지던트,8.13,다큐멘터리,6749,다큐멘터리
313,미쓰 백,9.26,드라마,723110,드라마
314,미쓰 와이프,8.68,코미디,988451,코미디
315,미씽: 사라진 여자,8.53,"미스터리, 가족",1153201,미스터리
316,미워도 다시한번,0.0,드라마,0,드라마
317,미인,4.43,드라마,0,드라마
318,미인도,6.32,"멜로/로맨스, 드라마",2342579,멜로/로맨스
319,미지왕,6.44,코미디,0,코미디
320,미확인 동영상: 절대클릭금지,6.15,"공포, 스릴러",867386,"공포, 스릴러"
321,밀양(영화),7.89,드라마,1604819,드라마
322,밀정,8.57,액션,7500457,액션
323,바람,9.27,"드라마, 액션, 가족",103628,액션
324,바람과 함께 사라지다,7.59,"코미디, 액션",4909944,코미디
325,바람난 가족,6.85,드라마,0,드라마
326,바람 바람 바람,6.65,코미디,1194239,코미디
327,바람의 파이터,8.17,"액션, 드라마",1442299,액션
328,바람 피기 좋은 날,5.79,"멜로/로맨스, 코미디",1708979,로맨틱코미디
329,바르게 살자,8.05,코미디,2135606,코미디
330,바보,8.05,드라마,967654,드라마
331,바보들의 행진,8.95,"드라마, 코미디, 모험",0,코미디
332,바비,6.88,드라마,2416,드라마
333,바이오맨,8.45,"SF, 가족, 액션",0,SF
334,박대박(영화),0.0,코미디,0,코미디
335,박수건달,8.11,코미디,3897969,코미디
336,박수칠 때 떠나라,7.77,"코미디, 미스터리",2073641,코미디
337,박열,8.48,"드라마, 모험",2359707,드라마
338,박쥐,6.26,멜로/로맨스,2208165,멜로/로맨스
339,박하 사탕,9.38,드라마,0,드라마
340,반가운 살인자,7.6,"코미디, 범죄, 스릴러",590531,코미디
341,반두비,6.77,"드라마, 멜로/로맨스",7763,멜로/로맨스
342,반창꼬,8.58,"드라마, 멜로/로맨스",2475797,멜로/로맨스
343,반칙왕,8.38,"코미디, 드라마",0,코미디
344,밤섬해적단 서울불바다,8.92,다큐멘터리,2427,다큐멘터리
345,밤의 여왕,6.88,"멜로/로맨스, 코미디",252475,로맨틱코미디
346,방울토마토,6.89,"가족, 드라마",18478,가족
347,방자전,7.41,드라마,2985556,드라마
348,방황하는 칼날,7.48,"스릴러, 범죄",989593,스릴러
349,배우는 배우다,6.74,드라마,112029,드라마
350,백야,8.81,드라마,0,드라마
351,백야행 - 하얀 어둠 속을 걷다,7.96,"미스터리, 멜로/로맨스",949896,미스터리
352,번지점프를 하다,8.45,멜로/로맨스,0,멜로/로맨스
353,범죄도시,9.28,액션,6880546,액션
354,범죄와의 전쟁: 나쁜놈들 전성시대,8.63,"범죄, 드라마",4720172,범죄
355,범죄의 여왕,8.42,스릴러,43866,스릴러
356,범죄의 재구성,8.78,"범죄, 스릴러, 코미디",943241,범죄
357,베를린,7.83,"액션, 드라마",7166688,액션
358,베스트셀러,7.6,미스터리,1081752,미스터리
359,베테랑,9.24,"액션, 드라마",13414484,액션
360,변호인,9.29,드라마,11375123,드라마
361,보안관,8.26,"범죄, 코미디",2588628,범죄
362,보통사람,8.49,드라마,383336,드라마
363,복면달호,7.49,"코미디, 드라마",1507970,코미디
364,복수는 나의 것,8.38,"범죄, 스릴러",0,범죄
365,복수혈전,8.86,액션,0,액션
366,봄날은 간다,9.31,"드라마, 멜로/로맨스",0,멜로/로맨스
367,봉이 김선달,8.26,"코미디, 모험",2051386,코미디
368,봉자,5.74,드라마,0,드라마
369,부당거래,8.69,"범죄, 드라마",2725860,범죄
370,부라더,7.83,코미디,1492903,코미디
371,부러진 화살,8.92,드라마,3460212,드라마
372,부산행,8.59,"액션, 스릴러",11567662,스릴러
373,분노의 윤리학,6.73,"범죄, 드라마",225618,범죄
374,분홍신,5.53,"공포, 스릴러",1073189,"공포, 스릴러"
375,불꽃처럼 나비처럼,6.95,"드라마, 멜로/로맨스",1670652,멜로/로맨스
376,불신지옥,7.92,"공포, 미스터리",248291,공포
377,불청객,5.41,"공포, 스릴러",31,"공포, 스릴러"
378,불한당: 나쁜 놈들의 세상,8.14,"범죄, 액션, 드라마",963239,범죄
379,뷰티풀 선데이,7.37,"드라마, 액션, 스릴러",169036,액션
380,뷰티 인사이드,8.26,멜로/로맨스,2058096,멜로/로맨스
381,브라보 마이 라이프,8.01,"코미디, 드라마",71409,코미디
382,블라인드,8.08,스릴러,2367942,스릴러
383,블랙잭,0.0,애니메이션,0,애니메이션
384,블루,9.03,드라마,0,드라마
385,비밀은 없다,7.0,스릴러,250975,스릴러
386,비스티 보이즈,7.1,드라마,719587,드라마
387,비열한 거리,8.79,"범죄, 액션, 느와르",1829887,범죄
388,비천괴수,0.0,1985.01.12. 개봉,0,1985.01.12. 개봉
389,비천무,5.99,"액션, 멜로/로맨스",0,액션
390,비트,8.85,액션,0,액션
391,빅매치,7.82,액션,1177435,액션
392,빨간마후라,7.5,"액션, 드라마",1201944,액션
393,뺑반,7.16,"범죄, 액션",1827020,범죄
394,뻐꾸기도 밤에 우는가,0.0,드라마,0,드라마
395,사과,7.9,"멜로/로맨스, 드라마",58233,멜로/로맨스
396,사냥,5.92,"액션, 스릴러",645834,스릴러
397,사도,8.49,드라마,6247651,드라마
398,사랑니(영화),10.0,"멜로/로맨스, 드라마",135698,멜로/로맨스
399,사랑방 손님과 어머니,9.01,"드라마, 멜로/로맨스",0,멜로/로맨스
400,사랑하기 때문에,8.38,"코미디, 멜로/로맨스",340936,로맨틱코미디
401,사랑하는 사람아,8.95,"드라마, 멜로/로맨스",0,멜로/로맨스
402,사생결단,7.43,"느와르, 액션",1724709,느와르
403,산딸기,0.0,멜로/로맨스,0,멜로/로맨스
404,산상수훈,8.29,드라마,55033,드라마
405,살어리랏다,8.82,드라마,0,드라마
406,살인의 추억,9.65,"범죄, 미스터리",0,미스터리
407,살인의뢰,7.04,"범죄, 스릴러",855988,범죄
408,살인자,4.13,스릴러,88199,스릴러
409,살인자의 기억법,8.17,"범죄, 스릴러",2658589,범죄
410,삼거리극장,8.05,뮤지컬,16063,뮤지컬
411,삼인조,5.98,코미디,0,코미디
412,상류사회,5.66,드라마,768249,드라마
413,상의원,7.8,드라마,790370,드라마
414,색즉시공,7.28,코미디,0,코미디
415,생과부 위자료 청구소송,7.1,"드라마, 코미디",0,코미디
416,생활의 발견,7.63,"드라마, 멜로/로맨스",0,멜로/로맨스
417,서부전선,7.17,"전쟁, 드라마",609063,전쟁
418,서양골동양과자점 앤티크,8.21,드라마,1181332,드라마
419,서편제,8.67,드라마,0,드라마
420,석조저택 살인사건,8.21,"스릴러, 서스펜스",353517,스릴러
421,선데이서울,3.15,"코미디, SF, 판타지",36865,코미디
422,선생 김봉두,8.93,"코미디, 드라마",0,코미디
423,설국열차,7.98,"SF, 액션, 드라마",9352605,SF
424,섬. 사라진 사람들,7.84,스릴러,20165,스릴러
425,성난 변호사,8.49,"범죄, 액션",1131154,범죄
426,성냥팔이 소녀의 재림,4.16,"액션, 판타지, SF",0,액션
427,성실한 나라의 앨리스,8.13,드라마,44100,드라마
428,세기말,7.51,드라마,0,드라마
429,세븐 데이즈,9.06,"범죄, 스릴러",2048339,범죄
430,소공녀,9.2,"멜로/로맨스, 드라마",59685,멜로/로맨스
431,소름,7.26,"공포, 미스터리",0,공포
432,소셜포비아,7.81,"스릴러, 드라마",251645,스릴러
433,소수의견,8.71,드라마,383582,드라마
434,소원,9.32,드라마,2711094,드라마
435,수상한 그녀,9.09,"코미디, 드라마",8660623,코미디
436,수색역,8.8,출구·버스,1821,출구·버스
437,순수의 시대,6.41,드라마,470308,드라마
438,순정,8.93,드라마,240704,드라마
439,순천,9.0,다큐멘터리,3855,다큐멘터리
440,숨바꼭질,6.78,스릴러,5604106,스릴러
441,숲속의 바보,0.0,"드라마, 멜로/로맨스",0,멜로/로맨스
442,쉿! 그녀에겐 비밀이에요,6.34,"드라마, 멜로/로맨스",2382,멜로/로맨스
443,슈팅걸스,0.0,"드라마, 가족",5591,드라마
444,슈퍼스타 감사용,9.03,"드라마, 코미디",627199,코미디
445,스물,8.6,"코미디, 드라마",3044859,코미디
446,스승의 은혜,6.44,"공포, 스릴러",550215,"공포, 스릴러"
447,스카우트,8.17,"코미디, 멜로/로맨스",292462,로맨틱코미디
448,스캔들 - 조선남녀상열지사,7.91,"드라마, 멜로/로맨스",0,멜로/로맨스
449,스타박'스 다방,8.33,드라마,2772,드라마
450,스플릿,9.15,드라마,758195,드라마
451,슬로우 비디오,7.77,드라마,1169546,드라마
452,쉬리,8.86,"액션, 멜로/로맨스",0,액션
453,슈퍼맨이었던 사나이,7.48,"코미디, 드라마",550284,코미디
454,시간이탈자,7.88,스릴러,1202511,스릴러
455,"시발, 놈 - 인류의 시작",7.96,"코미디, 드라마",1159,코미디
456,시라노;연애 조작단,8.0,"멜로/로맨스, 코미디",2684798,로맨틱코미디
457,시실리 2km,7.99,"공포, 코미디",1263196,공포
458,시월애,9.23,"드라마, 멜로/로맨스",0,멜로/로맨스
459,식객,8.48,"드라마, 코미디",2965359,코미디
460,식객: 김치전쟁,7.19,드라마,462714,드라마
461,신과함께,8.63,"판타지, 드라마",12276350,판타지
462,신과함께-죄와 벌,8.73,"판타지, 드라마",14411775,판타지
463,신과함께-인과 연,8.63,"판타지, 드라마",12276350,판타지
464,신기전,8.28,"드라마, 액션, 전쟁",3728439,액션
465,신데렐라,6.61,"애니메이션, 판타지",284922,애니메이션
466,신라의 달밤,7.55,"코미디, 액션",0,코미디
467,신세계,8.92,"범죄, 드라마",4684571,범죄
468,신장 개업,7.59,"공포, 코미디",0,공포
469,신의 한 수,8.69,"범죄, 액션",2159081,범죄
470,실미도,8.54,"전쟁, 스릴러, 드라마",0,전쟁
471,실종,6.05,"범죄, 스릴러",644276,범죄
472,실종: 사라진 아내,10.0,"스릴러, 멜로/로맨스",185,스릴러
473,심야의 FM,6.84,"스릴러, 범죄",1208310,스릴러
474,싱글라이더,8.0,드라마,351276,드라마
475,싱글즈,8.11,"멜로/로맨스, 코미디",0,로맨틱코미디
476,싸울아비,3.29,멜로/로맨스,0,멜로/로맨스
477,싸움,6.04,"멜로/로맨스, 코미디",342119,로맨틱코미디
478,싸움의 기술,7.92,"코미디, 액션",1146463,코미디
479,싸이보그지만 괜찮아,5.12,"드라마, 멜로/로맨스",676538,멜로/로맨스
480,쌍화점,7.24,드라마,3749034,드라마
481,써니,9.11,"코미디, 드라마",7453715,코미디
482,썸머타임,5.38,멜로/로맨스,0,멜로/로맨스
483,쎄시봉,7.94,"멜로/로맨스, 드라마",1715370,멜로/로맨스
484,쏜다,7.74,"코미디, 액션, 드라마",328837,코미디
485,아가씨,7.69,"스릴러, 드라마",4288996,스릴러
486,아기와 나,7.91,"코미디, 가족",435940,코미디
487,아내가 결혼했다,5.07,"멜로/로맨스, 드라마",1799501,멜로/로맨스
488,아는 여자,9.12,코미디,736394,코미디
489,아들,7.86,드라마,452209,드라마
490,아라한 장풍대작전,8.11,"액션, 코미디, 판타지",810430,액션
491,아래층 여자와 윗층 남자,0.0,"코미디, 멜로/로맨스",0,로맨틱코미디
492,아리랑,9.77,1926.10.01. 개봉,0,1926.10.01. 개봉
493,아벤고 공수군단,0.0,전쟁,0,전쟁
494,아부의 왕,5.64,코미디,497880,코미디
495,아수라,6.54,"범죄, 액션",2594769,범죄
496,아이들…,7.88,범죄,1867849,범죄
497,아이 캔 스피크,9.23,드라마,3283470,드라마
498,아저씨,9.24,"액션, 범죄, 드라마",6178665,액션
499,아프리카,5.5,"드라마, 모험",0,드라마
500,아홉살 인생,9.08,드라마,85312,드라마
501,악녀,7.83,액션,1208081,액션
502,악마를 보았다,7.95,"범죄, 스릴러",1817069,범죄
503,악어,6.54,드라마,0,드라마
504,악의 연대기,8.22,"범죄, 스릴러",2192525,범죄
505,안녕 형아,8.28,"드라마, 가족",924019,드라마
506,안시성,8.63,액션,5441020,액션
507,알바트로스,6.94,"드라마, 액션, 전쟁",0,액션
508,알 포인트,8.76,"공포, 미스터리, 액션",1068362,공포
509,암살,9.1,"액션, 드라마",12706829,액션
510,애마부인,0.0,멜로/로맨스,0,멜로/로맨스
511,애자,8.75,"드라마, 코미디",1901731,코미디
512,앨리스 원더랜드에서 온 소년,8.28,"판타지, 공포",9323,판타지
513,앵무새 몸으로 울었다,7.55,"드라마, 멜로/로맨스",0,멜로/로맨스
514,어깨동무,8.04,코미디,119884,코미디
515,어린 신부,7.85,"멜로/로맨스, 코미디",991674,로맨틱코미디
516,얼굴,0.0,범죄,0,범죄
517,여감방,0.0,1973.12.25. 개봉,0,1973.12.25. 개봉
518,여고괴담 시리즈,0.0,공포,0,공포
519,여고괴담,0.0,공포,0,공포
520,여고괴담 두번째 이야기,9.57,공포,0,공포
521,여고괴담 3 - 여우 계단,6.7,"공포, 스릴러",0,"공포, 스릴러"
522,여고괴담 4 - 목소리,5.11,"공포, 스릴러",397327,"공포, 스릴러"
523,여고생 시집가기,3.15,코미디,57943,코미디
524,여곡성,5.0,"공포, 미스터리",67368,공포
525,여로(영화),0.0,드라마,0,드라마
526,여배우들,6.81,드라마,513405,드라마
527,여선생 VS 여제자,7.98,"코미디, 드라마",846683,코미디
528,여왕벌,0.0,멜로/로맨스,0,멜로/로맨스
529,여자들,0.0,"액션, 코미디",0,액션
530,여중생A,7.39,드라마,97986,드라마
531,역린,7.43,드라마,3849700,드라마
532,연가시,7.18,"드라마, 모험",4516063,드라마
533,연애의 목적,8.14,"멜로/로맨스, 드라마",1524898,멜로/로맨스
534,연애의 온도,8.0,멜로/로맨스,1865354,멜로/로맨스
535,연평해전,9.14,드라마,6045049,드라마
536,연풍연가,8.58,"멜로/로맨스, 드라마",0,멜로/로맨스
537,열정같은소리하고있네,7.96,드라마,654407,드라마
538,열한번째 엄마,7.95,드라마,337700,드라마
539,열한시,6.44,스릴러,870785,스릴러
540,염력,6.19,코미디,990111,코미디
541,엽기적인 그녀,5.55,"멜로/로맨스, 코미디",77118,로맨틱코미디
542,엽기적인 그녀 2,5.55,"멜로/로맨스, 코미디",77118,로맨틱코미디
543,예의없는 것들,7.3,"코미디, 액션, 느와르",782907,코미디
544,오감도,2.78,멜로/로맨스,438808,멜로/로맨스
545,오늘의 연애,7.78,"멜로/로맨스, 코미디",1892125,로맨틱코미디
546,오발탄,8.53,드라마,0,드라마
547,오빠생각,8.5,"드라마, 전쟁",1069962,전쟁
548,오! 브라더스,8.22,코미디,0,코미디
549,오! 수정,6.98,"드라마, 멜로/로맨스",0,멜로/로맨스
550,오! 해피데이,6.53,"코미디, 멜로/로맨스",0,로맨틱코미디
551,오 꿈의 나라,0.0,90분,0,90분
552,오로라 공주,8.15,"범죄, 스릴러",830538,범죄
553,오싹한 연애,8.54,"멜로/로맨스, 공포",3009406,멜로/로맨스
554,오아시스,9.2,드라마,0,드라마
555,옥자,8.77,"모험, 액션, 드라마",322663,모험
556,올가미,8.53,스릴러,0,스릴러
557,올드마린보이,8.89,다큐멘터리,10820,다큐멘터리
558,올드보이,10.0,"드라마, 미스터리",0,미스터리
559,와니와준하,8.62,"멜로/로맨스, 드라마",0,멜로/로맨스
560,와이키키 브라더스,9.5,드라마,0,드라마
561,와일드 카드,8.89,"액션, 스릴러, 범죄",0,액션
562,완득이,8.78,드라마,5311353,드라마
563,완벽한 파트너,6.88,코미디,90370,코미디
564,왕의 남자,9.03,드라마,10513976,드라마
565,용가리,6.03,"모험, 액션, 판타지",0,모험
566,용서받지 못한 자,9.09,드라마,10790,드라마
567,용의자,8.27,"액션, 드라마",4131963,액션
568,용의자X,7.65,미스터리,1552055,미스터리
569,우는 남자,6.79,"액션, 드라마",603093,액션
570,우뢰매,9.15,액션,0,액션
571,우리들,9.21,드라마,50625,드라마
572,우리들의 일그러진 영웅,9.3,드라마,0,드라마
573,우리들의 행복한 시간,8.7,드라마,2472160,드라마
574,우리 생애 최고의 순간,8.58,드라마,4018872,드라마
575,우리에게 내일은 없다,0.0,"범죄, 드라마",0,범죄
576,우리 이웃의 범죄,6.85,"범죄, 드라마",4213,범죄
577,우리 형,8.39,드라마,1778607,드라마
578,우아한 거짓말,8.23,드라마,1619983,드라마
579,우아한 세계,8.34,"범죄, 느와르, 액션",960658,범죄
580,우주괴인 왕마귀,0.0,"공포, SF",0,공포
581,우주의 크리스마스,7.88,"드라마, 판타지",2132,판타지
582,울지 않으리,0.0,1974.09.28. 개봉,0,1974.09.28. 개봉
583,울학교 이티,8.99,"코미디, 드라마",652178,코미디
584,워낭소리,8.67,"다큐멘터리, 가족",2934883,다큐멘터리
585,원스 어폰 어 타임,7.99,"코미디, 액션",1544486,코미디
586,월하의 맹서,0.0,1923.04.09. 개봉,0,1923.04.09. 개봉
587,웨딩드레스,9.09,드라마,143458,드라마
588,웰컴 투 동막골,8.89,"드라마, 전쟁",6436900,전쟁
589,위대한 소원,8.2,"코미디, 드라마",308457,코미디
590,위대한 유산,7.75,"멜로/로맨스, 코미디",0,로맨틱코미디
591,유감스러운 도시,5.97,"액션, 범죄, 코미디",1532632,액션
592,유령,7.18,스릴러,0,스릴러
593,유리정원,8.22,"미스터리, 드라마",22752,미스터리
594,육체의 약속,0.0,멜로/로맨스,0,멜로/로맨스
595,육혈포 강도단,7.56,"범죄, 코미디",1214237,범죄
596,은교,7.07,멜로/로맨스,1346511,멜로/로맨스
597,은밀하게 위대하게,7.12,"액션, 드라마, 코미디",6959083,액션
598,은하해방전선,8.88,"코미디, 멜로/로맨스",5228,로맨틱코미디
599,은행나무 침대,7.81,"드라마, 멜로/로맨스",0,멜로/로맨스
600,의뢰인,8.07,"드라마, 스릴러",2393103,스릴러
601,의형제,8.86,"액션, 드라마",5416923,액션
602,이것이 우리의 끝이다,7.48,드라마,2926,드라마
603,이끼,7.09,"드라마, 범죄",3350311,범죄
604,이리,5.13,드라마,2241,드라마
605,이별계약,8.33,"드라마, 멜로/로맨스",18343,멜로/로맨스
606,이웃사람,7.52,스릴러,2434435,스릴러
607,이웃집 좀비,5.72,"공포, 코미디, 드라마",2807,공포
608,이장과 군수,7.17,코미디,1179661,코미디
609,이중간첩,7.8,"드라마, 스릴러, 범죄",0,스릴러
610,이층의 악당,8.05,"코미디, 범죄",596864,코미디
611,이태원 살인 사건,5.9,"미스터리, 범죄",531023,미스터리
612,인디안 썸머,8.32,멜로/로맨스,0,멜로/로맨스
613,인류멸망보고서,4.85,"SF, 판타지",97916,SF
614,인정사정 볼 것 없다,8.59,"드라마, 액션",0,액션
615,인천상륙작전,8.55,"전쟁, 드라마",7051237,전쟁
616,인사동 스캔들,7.99,"범죄, 액션, 드라마",1187684,범죄
617,인어공주,9.22,"애니메이션, 가족",0,애니메이션
618,인터뷰,6.24,"드라마, 멜로/로맨스",0,멜로/로맨스
619,임금님의 사건수첩,8.05,"코미디, 모험, 액션",1635003,코미디
620,일대일,6.76,드라마,10142,드라마
621,일진,0.0,액션,0,액션
622,자녀목,0.0,드라마,0,드라마
623,자백,9.6,다큐멘터리,144372,다큐멘터리
624,자카르타,7.0,"범죄, 드라마, 코미디",0,범죄
625,자칼이 온다,6.3,"코미디, 드라마",210278,코미디
626,작전,8.61,"범죄, 스릴러, 코미디",1517096,범죄
627,잘 살아보세,5.52,"코미디, 드라마",236799,코미디
628,잘 알지도 못하면서,7.8,드라마,39984,드라마
629,잠복근무,7.52,"코미디, 액션",1533225,코미디
630,장군의 아들,8.69,"액션, 드라마",0,액션
631,"장화, 홍련",10.0,"공포, 스릴러",0,"공포, 스릴러"
632,재밌는 영화,6.66,코미디,0,코미디
633,재심,8.7,드라마,2421197,드라마
634,적도의 꽃,0.0,"드라마, 멜로/로맨스",0,멜로/로맨스
635,전국 노래자랑,8.0,코미디,978413,코미디
636,전설의 고향,4.52,공포,352518,공포
637,전설의 주먹,7.57,"액션, 드라마",1744585,액션
638,전우치,8.19,"액션, 코미디, 모험",6065474,액션
639,접속,9.0,"멜로/로맨스, 드라마",0,멜로/로맨스
640,젓가락,3.7,코미디,480,코미디
641,정글쥬스,6.34,"코미디, 모험",0,코미디
642,"제니, 주노",3.62,"코미디, 드라마",216516,코미디
643,제보자,8.31,드라마,1755181,드라마
644,제5의 사나이,0.0,드라마,0,드라마
645,젝스키스 에이틴,9.04,다큐멘터리,50419,다큐멘터리
646,조선마술사,6.87,드라마,627586,드라마
647,조선명탐정: 각시투구꽃의 비밀,8.12,"코미디, 미스터리",4786259,코미디
648,조선명탐정: 사라진 놉의 딸,8.07,"코미디, 모험",3872015,코미디
649,조선명탐정: 흡혈괴마의 비밀,7.52,"모험, 코미디",2444145,모험
650,조선미녀삼총사,5.65,"코미디, 액션, 드라마",480361,코미디
651,조용한 가족,7.95,"코미디, 스릴러, 범죄",0,코미디
652,조작된 도시,8.56,"액션, 범죄",2515590,액션
653,조폭 마누라,6.29,"코미디, 액션",0,코미디
654,족보,0.0,드라마,0,드라마
655,족구왕,8.96,"드라마, 코미디",47580,코미디
656,"좋은 놈, 나쁜 놈, 이상한 놈",7.74,"액션, 코미디, 모험",6686075,액션
657,주글래 살래,5.44,"코미디, 액션",0,코미디
658,주먹이 운다,8.9,"드라마, 액션",1462972,액션
659,주유소 습격사건,8.3,"코미디, 범죄, 액션",0,코미디
660,주홍글씨,5.45,"스릴러, 멜로/로맨스",1030623,스릴러
661,죽거나 혹은 나쁘거나,8.5,"드라마, 액션",0,액션
662,죽여주는 여자,8.44,드라마,121452,드라마
663,죽음보다 깊은 잠,0.0,"드라마, 멜로/로맨스",0,멜로/로맨스
664,중독노래방,7.3,"미스터리, 판타지",8916,미스터리
665,중천,5.61,"판타지, 액션, 드라마",1421412,판타지
666,즐거운 인생,9.14,코미디,1202719,코미디
667,증발(영화),0.0,"범죄, 미스터리",0,미스터리
668,지구를 지켜라,8.86,"SF, 스릴러",0,SF
669,지금은맞고그때는틀리다,8.43,드라마,80734,드라마
670,지금 만나러 갑니다,8.98,멜로/로맨스,2602273,멜로/로맨스
671,지슬: 끝나지 않은 세월 2,9.2,드라마,145398,드라마
672,직지코드,8.57,다큐멘터리,10639,다큐멘터리
673,진아의 벌레먹은 장미,0.0,1982.10.09. 개봉,0,1982.10.09. 개봉
674,집으로...,10.0,"드라마, 가족",0,드라마
675,집으로 가는 길,8.82,드라마,1854711,드라마
676,집행자,7.5,드라마,393019,드라마
677,짝패,7.93,액션,1021638,액션
678,짱,7.42,"드라마, 코미디",0,코미디
679,찌라시: 위험한 소문,7.55,"드라마, 범죄",1221420,범죄
680,찍히면 죽는다,4.04,"공포, 스릴러",0,"공포, 스릴러"
681,차우,7.58,"모험, 스릴러, 공포",1778843,모험
682,차이나 타운,7.58,"범죄, 드라마",1472147,범죄
683,차형사,7.45,코미디,1346754,코미디
684,창공으로,6.9,드라마,25,드라마
685,챔피언(영화),7.47,드라마,1128784,드라마
686,챔피언 마빡이,7.2,"코미디, 가족",6825,코미디
687,천국의 계단(영화),0.0,"드라마, 멜로/로맨스",0,멜로/로맨스
688,천국의 우편배달부,8.61,"판타지, 멜로/로맨스",95060,판타지
689,천군,7.24,"SF, 코미디, 액션",933147,SF
690,천안함 프로젝트,4.35,다큐멘터리,21321,다큐멘터리
691,천하장사 마돈나,8.13,"코미디, 드라마",575381,코미디
692,철암계곡의 혈투,6.06,액션,1002,액션
693,청년경찰,9.03,액션,5653444,액션
694,청담보살,6.03,코미디,1308810,코미디
695,청연,7.59,드라마,496061,드라마
696,체인지,8.17,코미디,0,코미디
697,체포왕,7.72,코미디,870887,코미디
698,초능력자,6.69,"SF, 스릴러, 액션",2130645,SF
699,초록물고기,8.81,"드라마, 느와르",0,느와르
700,초인,8.44,멜로/로맨스,6811,멜로/로맨스
701,최강 로맨스,7.11,"코미디, 멜로/로맨스",1190703,로맨틱코미디
702,최악의 하루,8.48,멜로/로맨스,81304,멜로/로맨스
703,최종병기 활,7.87,"액션, 전쟁",7482180,액션
704,최후의 증인,8.87,"전쟁, 미스터리",0,전쟁
705,추격자,9.09,"범죄, 스릴러, 액션",5046096,범죄
706,춘몽,8.52,가족,14736,가족
707,춘향뎐,7.16,"드라마, 멜로/로맨스",0,멜로/로맨스
708,출국,9.32,드라마,81880,드라마
709,치외법권,7.21,액션,346483,액션
710,친구,6.21,"느와르, 액션",2971475,느와르
711,친구2,6.21,"느와르, 액션",2971475,느와르
712,친절한 금자씨,7.47,"스릴러, 드라마",3122056,스릴러
713,카운트 다운,7.38,"액션, 드라마",471547,액션
714,카트,8.61,드라마,814676,드라마
715,카페 느와르,5.53,"드라마, 멜로/로맨스",7532,멜로/로맨스
716,코리아,8.55,드라마,1872682,드라마
717,쿼바디스,9.06,드라마,0,드라마
718,퀵,7.86,액션,3125069,액션
719,크로싱,9.02,드라마,898000,드라마
720,클래식,9.79,"멜로/로맨스, 드라마",0,멜로/로맨스
721,클레멘타인,9.35,"액션, 드라마",3562,액션
722,키다리 아저씨,7.36,"드라마, 멜로/로맨스",440850,멜로/로맨스
723,킬리만자로,8.07,"드라마, 범죄, 액션",0,범죄
724,킬러들의 수다,8.28,"액션, 드라마, 코미디",0,액션
725,킹콩을 들다,9.23,드라마,1262858,드라마
726,타워,8.03,드라마,5181228,드라마
727,타짜,6.81,"범죄, 드라마",2229281,범죄
728,타짜: 신의 손,7.76,드라마,4015364,드라마
729,타짜: 원 아이드 잭,6.81,"범죄, 드라마",2229281,범죄
730,타투,4.3,스릴러,12103,스릴러
731,탐정: 더 비기닝,8.62,"코미디, 범죄",2625686,코미디
732,탐정: 리턴즈,8.99,"코미디, 범죄",3152895,코미디
733,탐정 홍길동: 사라진 마을,8.24,"드라마, 액션",1430960,액션
734,터널,8.63,드라마,7120780,드라마
735,터널 3D,5.93,"공포, 스릴러",81008,"공포, 스릴러"
736,태,0.0,1986.03.22. 개봉,0,1986.03.22. 개봉
737,태극기 휘날리며,9.19,"전쟁, 드라마, 액션",11746135,전쟁
738,태백산맥,7.66,"전쟁, 드라마",0,전쟁
739,태풍,6.11,", ",3471150,
740,택시운전사,9.28,"드라마, 가족",12189654,드라마
741,톱스타,7.38,드라마,175153,드라마
742,퇴마록,0.0,"미스터리, 액션",0,미스터리
743,투 가이즈,7.8,코미디,568230,코미디
744,투명인간,0.0,"드라마, 공포, SF",0,공포
745,투캅스,7.86,"코미디, 범죄",0,코미디
746,투혼,7.93,드라마,210970,드라마
747,튜브,8.0,액션,0,액션
748,트럭,6.91,"스릴러, 범죄",550195,스릴러
749,트릭,6.4,"드라마, 서스펜스",38129,서스펜스
750,트윈스터즈,9.15,"다큐멘터리, 가족",15153,다큐멘터리
751,특별수사: 사형수의 편지,8.54,"범죄, 드라마",1243065,범죄
752,특별시민,7.74,드라마,1362634,드라마
753,특종: 량첸살인기,7.97,스릴러,616608,스릴러
754,티끌모아 로맨스,7.52,"멜로/로맨스, 코미디",424002,로맨틱코미디
755,타클라마칸,6.72,범죄,840,범죄
756,파괴된 사나이(영화),7.71,"스릴러, 드라마",1012310,스릴러
757,파란나비효과,9.5,다큐멘터리,5259,다큐멘터리
758,파송송 계란탁,7.3,"코미디, 드라마",1003026,코미디
759,파수꾼(영화),9.5,드라마,26020,드라마
760,파울볼,9.34,다큐멘터리,31137,다큐멘터리
761,파이란,9.07,"멜로/로맨스, 드라마",0,멜로/로맨스
762,파파로티,8.28,드라마,1716438,드라마
763,파업전야,9.0,드라마,0,드라마
764,판도라,8.78,"드라마, 스릴러",4585116,스릴러
765,팔도강산,0.0,1967. 개봉,0,1967. 개봉
766,패션왕,6.79,"드라마, 코미디",594876,코미디
767,퍼펙트 게임,8.94,드라마,1507084,드라마
768,페이스메이커,8.83,드라마,467697,드라마
769,편지,8.42,"드라마, 멜로/로맨스",0,멜로/로맨스
770,평양성,7.77,"코미디, 전쟁",1717566,코미디
771,평화의 시대,4.85,"판타지, SF, 가족",0,판타지
772,포화속으로,8.23,"전쟁, 드라마",3330326,전쟁
773,폭력의 씨앗,8.55,드라마,1905,드라마
774,폭력써클,7.17,"액션, 드라마",24682,액션
775,폭풍전야,6.74,멜로/로맨스,51760,멜로/로맨스
776,표적,8.07,"액션, 드라마",2841884,액션
777,푸른소금,7.07,드라마,771699,드라마
778,품행제로,8.4,"코미디, 멜로/로맨스",0,로맨틱코미디
779,프리즌,8.25,"범죄, 액션",2931897,범죄
780,플란다스의 개,8.25,"드라마, 코미디",0,코미디
781,플랜맨,8.67,코미디,635744,코미디
782,피끓는 청춘,7.53,"코미디, 멜로/로맨스",1676040,로맨틱코미디
783,피도 눈물도 없이,7.91,"드라마, 액션, 느와르",0,액션
784,피아골,0.0,"전쟁, 드라마",0,전쟁
785,하루,7.69,스릴러,1129609,스릴러
786,하류인생,7.1,드라마,224856,드라마
787,하면 된다,7.65,코미디,0,코미디
788,하모니,9.05,드라마,3018154,드라마
789,하얀전쟁,8.91,"전쟁, 공포",0,전쟁
790,하울링,6.77,"범죄, 드라마",1612554,범죄
791,하이힐,7.75,"느와르, 액션",343487,느와르
792,하피,2.91,"공포, 코미디",0,공포
793,하하하,8.63,"드라마, 코미디",57035,코미디
794,한공주,8.57,드라마,225839,드라마
795,한반도,6.36,"드라마, 액션, 스릴러",3331593,액션
796,할렐루야,8.32,코미디,0,코미디
797,함정,6.59,"스릴러, 범죄",257996,스릴러
798,해가 서쪽에서 뜬다면,8.6,"드라마, 멜로/로맨스",0,멜로/로맨스
799,해무,7.25,드라마,1475091,드라마
800,해바라기,9.22,"액션, 드라마",1305024,액션
801,해빙,6.63,스릴러,1204623,스릴러
802,해안선,6.88,드라마,0,드라마
803,해어화,8.23,드라마,485695,드라마
804,해운대,7.46,"모험, 드라마",11324958,모험
805,해적: 바다로 간 산적,8.51,"모험, 액션",8666208,모험
806,해피 엔드,8.25,스릴러,0,스릴러
807,핸드폰,7.25,스릴러,622486,스릴러
808,행복,7.88,"드라마, 멜로/로맨스",1174495,멜로/로맨스
809,행복은 성적순이 아니잖아요,8.61,드라마,0,드라마
810,허삼관,7.61,드라마,956103,드라마
811,허풍,5.45,"코미디, 판타지",656,코미디
812,헬로우 고스트,8.87,코미디,3019960,코미디
813,헬머니,7.52,코미디,523871,코미디
814,혈의 누,7.93,"범죄, 스릴러",1926681,범죄
815,"협녀, 칼의 기억",6.01,액션,431310,액션
816,협상,8.16,범죄,1967149,범죄
817,형,8.92,"코미디, 드라마",2982514,코미디
818,형사 DUELIST,8.5,"액션, 느와르",922680,느와르
819,호로비츠를 위하여,9.1,드라마,462623,드라마
820,혼숨,6.25,공포,288016,공포
821,홀리데이,8.67,"범죄, 드라마",1257399,범죄
822,화려한 휴가,7.5,드라마,6855433,드라마
823,화산고,7.04,"액션, 코미디, 판타지",0,액션
824,화이: 괴물을 삼킨 아이,7.83,"액션, 스릴러",2394487,스릴러
825,화차,9.0,미스터리,2436884,미스터리
826,환절기,8.6,드라마,6605,드라마
827,황산벌,7.54,"코미디, 전쟁",0,코미디
828,황제를 위하여,6.24,"액션, 느와르",591502,느와르
829,황진이,5.32,드라마,1191810,드라마
830,황해,7.89,"범죄, 스릴러",2260512,범죄
831,회사원,6.5,"액션, 드라마",1110523,액션
832,효자동 이발사,7.49,"드라마, 코미디",748380,코미디
833,후궁: 제왕의 첩,6.89,"멜로/로맨스, 드라마",2636385,멜로/로맨스
834,후아유,8.72,멜로/로맨스,0,멜로/로맨스
835,희생부활자,6.62,"미스터리, 스릴러",323628,스릴러
836,히말라야,8.67,드라마,7759711,드라마
837,히어로,6.16,"드라마, 코미디",23841,코미디
838,B급 며느리,9.03,다큐멘터리,20085,다큐멘터리
839,B형 남자친구,4.88,"멜로/로맨스, 코미디",1174581,로맨틱코미디
840,GP506,7.04,미스터리,936945,미스터리
841,H,6.65,"미스터리, 스릴러",0,스릴러
842,M,5.95,"미스터리, 멜로/로맨스",428717,미스터리
843,O양의 아파트,0.0,드라마,0,드라마
844,R2B: 리턴 투 베이스,7.5,"액션, 드라마",1201944,액션
845,S 다이어리,5.42,코미디,1098583,코미디
846,YMCA 야구단,7.16,"코미디, 드라마",0,코미디
